-- phpMyAdmin SQL Dump
-- version 4.8.5
-- https://www.phpmyadmin.net/
--
-- 主机： localhost
-- 生成日期： 2019-08-27 16:23:55
-- 服务器版本： 8.0.12
-- PHP 版本： 7.3.2

SET SQL_MODE = "NO_AUTO_VALUE_ON_ZERO";
SET AUTOCOMMIT = 0;
START TRANSACTION;
SET time_zone = "+00:00";


/*!40101 SET @OLD_CHARACTER_SET_CLIENT=@@CHARACTER_SET_CLIENT */;
/*!40101 SET @OLD_CHARACTER_SET_RESULTS=@@CHARACTER_SET_RESULTS */;
/*!40101 SET @OLD_COLLATION_CONNECTION=@@COLLATION_CONNECTION */;
/*!40101 SET NAMES utf8mb4 */;

--
-- 数据库： `test`
--

-- --------------------------------------------------------

--
-- 表的结构 `articles`
--

CREATE TABLE `articles` (
  `id` int(10) UNSIGNED NOT NULL,
  `user_id` int(10) UNSIGNED NOT NULL,
  `status` tinyint(4) NOT NULL DEFAULT '1',
  `read_count` int(10) UNSIGNED NOT NULL DEFAULT '0',
  `title` varchar(200) NOT NULL,
  `content` text NOT NULL
) ENGINE=InnoDB DEFAULT CHARSET=utf8;

--
-- 转存表中的数据 `articles`
--

INSERT INTO `articles` (`id`, `user_id`, `status`, `read_count`, `title`, `content`) VALUES
(1, 61, 1, 37, 'title1', 'url1'),
(2, 40, 1, 68, 'title2', 'url2'),
(3, 93, 1, 84, 'title3', 'url3'),
(4, 77, 1, 29, 'title4', 'url4'),
(5, 62, 1, 75, 'title5', 'url5'),
(6, 36, 1, 66, 'title6', 'url6'),
(7, 78, 1, 55, 'title7', 'url7'),
(8, 77, 1, 99, 'title8', 'url8'),
(9, 33, 1, 95, 'title9', 'url9'),
(10, 7, 0, 6, 'title10', 'url10'),
(11, 92, 0, 79, 'title11', 'url11'),
(12, 93, 1, 91, 'title12', 'url12'),
(13, 77, 1, 26, 'title13', 'url13'),
(14, 23, 1, 80, 'title14', 'url14'),
(15, 36, 1, 50, 'title15', 'url15'),
(16, 34, 1, 57, 'title16', 'url16'),
(17, 55, 1, 86, 'title17', 'url17'),
(18, 20, 1, 93, 'title18', 'url18'),
(19, 43, 1, 9, 'title19', 'url19'),
(20, 40, 1, 24, 'title20', 'url20'),
(21, 49, 1, 32, 'title21', 'url21'),
(22, 32, 1, 86, 'title22', 'url22'),
(23, 62, 0, 86, 'title23', 'url23'),
(24, 65, 1, 57, 'title24', 'url24'),
(25, 88, 0, 74, 'title25', 'url25'),
(26, 35, 1, 16, 'title26', 'url26'),
(27, 18, 1, 78, 'title27', 'url27'),
(28, 45, 1, 20, 'title28', 'url28'),
(29, 63, 1, 52, 'title29', 'url29'),
(30, 90, 1, 34, 'title30', 'url30'),
(31, 96, 1, 11, 'title31', 'url31'),
(32, 63, 1, 88, 'title32', 'url32'),
(33, 63, 1, 32, 'title33', 'url33'),
(34, 41, 1, 96, 'title34', 'url34'),
(35, 7, 1, 34, 'title35', 'url35'),
(36, 42, 1, 85, 'title36', 'url36'),
(37, 41, 1, 10, 'title37', 'url37'),
(38, 41, 0, 84, 'title38', 'url38'),
(39, 24, 1, 66, 'title39', 'url39'),
(40, 5, 1, 95, 'title40', 'url40'),
(41, 76, 1, 58, 'title41', 'url41'),
(42, 41, 1, 64, 'title42', 'url42'),
(43, 18, 1, 46, 'title43', 'url43'),
(44, 94, 1, 41, 'title44', 'url44'),
(45, 84, 0, 100, 'title45', 'url45'),
(46, 15, 0, 23, 'title46', 'url46'),
(47, 40, 0, 28, 'title47', 'url47'),
(48, 24, 0, 54, 'title48', 'url48'),
(49, 96, 1, 73, 'title49', 'url49'),
(50, 41, 0, 5, 'title50', 'url50'),
(51, 29, 1, 7, 'title51', 'url51'),
(52, 20, 0, 24, 'title52', 'url52'),
(53, 31, 0, 100, 'title53', 'url53'),
(54, 18, 1, 81, 'title54', 'url54'),
(55, 98, 1, 86, 'title55', 'url55'),
(56, 12, 1, 92, 'title56', 'url56'),
(57, 8, 1, 65, 'title57', 'url57'),
(58, 56, 1, 77, 'title58', 'url58'),
(59, 6, 1, 11, 'title59', 'url59'),
(60, 31, 1, 83, 'title60', 'url60'),
(61, 91, 1, 85, 'title61', 'url61'),
(62, 31, 0, 19, 'title62', 'url62'),
(63, 56, 1, 100, 'title63', 'url63'),
(64, 51, 1, 50, 'title64', 'url64'),
(65, 50, 1, 98, 'title65', 'url65'),
(66, 25, 1, 74, 'title66', 'url66'),
(67, 96, 1, 54, 'title67', 'url67'),
(68, 100, 1, 68, 'title68', 'url68'),
(69, 76, 1, 77, 'title69', 'url69'),
(70, 92, 1, 16, 'title70', 'url70'),
(71, 84, 1, 77, 'title71', 'url71'),
(72, 34, 1, 49, 'title72', 'url72'),
(73, 32, 1, 60, 'title73', 'url73'),
(74, 63, 0, 31, 'title74', 'url74'),
(75, 73, 1, 11, 'title75', 'url75'),
(76, 99, 1, 47, 'title76', 'url76'),
(77, 83, 1, 52, 'title77', 'url77'),
(78, 65, 1, 96, 'title78', 'url78'),
(79, 46, 1, 75, 'title79', 'url79'),
(80, 92, 1, 47, 'title80', 'url80'),
(81, 10, 1, 46, 'title81', 'url81'),
(82, 52, 1, 57, 'title82', 'url82'),
(83, 66, 1, 27, 'title83', 'url83'),
(84, 48, 1, 54, 'title84', 'url84'),
(85, 7, 1, 94, 'title85', 'url85'),
(86, 5, 1, 65, 'title86', 'url86'),
(87, 85, 1, 57, 'title87', 'url87'),
(88, 1, 1, 91, 'title88', 'url88'),
(89, 23, 1, 55, 'title89', 'url89'),
(90, 13, 1, 52, 'title90', 'url90'),
(91, 50, 1, 67, 'title91', 'url91'),
(92, 3, 1, 13, 'title92', 'url92'),
(93, 46, 1, 16, 'title93', 'url93'),
(94, 23, 1, 27, 'title94', 'url94'),
(95, 60, 1, 41, 'title95', 'url95'),
(96, 14, 1, 58, 'title96', 'url96'),
(97, 40, 0, 31, 'title97', 'url97'),
(98, 95, 1, 53, 'title98', 'url98'),
(99, 68, 0, 6, 'title99', 'url99'),
(100, 97, 1, 88, 'title100', 'url100');

-- --------------------------------------------------------

--
-- 表的结构 `comments`
--

CREATE TABLE `comments` (
  `id` int(10) UNSIGNED NOT NULL,
  `user_id` int(10) UNSIGNED NOT NULL,
  `target_id` int(10) UNSIGNED NOT NULL,
  `target_type` tinyint(4) NOT NULL DEFAULT '1' COMMENT '1 文章, 2 视频',
  `content` text NOT NULL,
  `created_at` timestamp NOT NULL DEFAULT CURRENT_TIMESTAMP
) ENGINE=InnoDB DEFAULT CHARSET=utf8;

--
-- 转存表中的数据 `comments`
--

INSERT INTO `comments` (`id`, `user_id`, `target_id`, `target_type`, `content`, `created_at`) VALUES
(1, 12, 34, 2, 'content1', '2019-08-02 02:32:50'),
(2, 14, 62, 2, 'content2', '2019-08-02 02:32:50'),
(3, 31, 32, 2, 'content3', '2019-08-02 02:32:50'),
(4, 97, 95, 1, 'content4', '2019-08-02 02:32:50'),
(5, 30, 9, 1, 'content5', '2019-08-02 02:32:50'),
(6, 62, 13, 2, 'content6', '2019-08-02 02:32:50'),
(7, 45, 17, 2, 'content7', '2019-08-02 02:32:50'),
(8, 54, 61, 2, 'content8', '2019-08-02 02:32:50'),
(9, 15, 46, 2, 'content9', '2019-08-02 02:32:50'),
(10, 1, 9, 2, 'content10', '2019-08-02 02:32:50'),
(11, 30, 37, 2, 'content11', '2019-08-02 02:32:50'),
(12, 11, 50, 1, 'content12', '2019-08-02 02:32:50'),
(13, 7, 52, 2, 'content13', '2019-08-02 02:32:50'),
(14, 21, 88, 2, 'content14', '2019-08-02 02:32:50'),
(15, 81, 72, 2, 'content15', '2019-08-02 02:32:50'),
(16, 10, 47, 2, 'content16', '2019-08-02 02:32:50'),
(17, 17, 89, 2, 'content17', '2019-08-02 02:32:50'),
(18, 72, 30, 2, 'content18', '2019-08-02 02:32:50'),
(19, 2, 16, 1, 'content19', '2019-08-02 02:32:50'),
(20, 46, 72, 2, 'content20', '2019-08-02 02:32:50'),
(21, 18, 83, 2, 'content21', '2019-08-02 02:32:50'),
(22, 26, 24, 2, 'content22', '2019-08-02 02:32:50'),
(23, 76, 3, 2, 'content23', '2019-08-02 02:32:50'),
(24, 39, 43, 2, 'content24', '2019-08-02 02:32:50'),
(25, 71, 81, 2, 'content25', '2019-08-02 02:32:50'),
(26, 46, 31, 2, 'content26', '2019-08-02 02:32:50'),
(27, 6, 45, 2, 'content27', '2019-08-02 02:32:50'),
(28, 34, 3, 1, 'content28', '2019-08-02 02:32:50'),
(29, 28, 96, 2, 'content29', '2019-08-02 02:32:50'),
(30, 79, 62, 1, 'content30', '2019-08-02 02:32:50'),
(31, 48, 18, 1, 'content31', '2019-08-02 02:32:50'),
(32, 87, 41, 2, 'content32', '2019-08-02 02:32:50'),
(33, 46, 23, 1, 'content33', '2019-08-02 02:32:50'),
(34, 3, 5, 2, 'content34', '2019-08-02 02:32:50'),
(35, 13, 32, 1, 'content35', '2019-08-02 02:32:50'),
(36, 21, 10, 2, 'content36', '2019-08-02 02:32:50'),
(37, 10, 11, 1, 'content37', '2019-08-02 02:32:50'),
(38, 96, 1, 2, 'content38', '2019-08-02 02:32:50'),
(39, 36, 28, 2, 'content39', '2019-08-02 02:32:50'),
(40, 50, 12, 2, 'content40', '2019-08-02 02:32:50'),
(41, 95, 61, 2, 'content41', '2019-08-02 02:32:50'),
(42, 32, 87, 1, 'content42', '2019-08-02 02:32:50'),
(43, 18, 21, 2, 'content43', '2019-08-02 02:32:50'),
(44, 98, 56, 2, 'content44', '2019-08-02 02:32:50'),
(45, 83, 17, 2, 'content45', '2019-08-02 02:32:50'),
(46, 36, 12, 2, 'content46', '2019-08-02 02:32:50'),
(47, 36, 66, 2, 'content47', '2019-08-02 02:32:50'),
(48, 96, 46, 2, 'content48', '2019-08-02 02:32:50'),
(49, 53, 47, 1, 'content49', '2019-08-02 02:32:50'),
(50, 12, 49, 1, 'content50', '2019-08-02 02:32:50'),
(51, 72, 39, 1, 'content51', '2019-08-02 02:32:50'),
(52, 50, 76, 2, 'content52', '2019-08-02 02:32:50'),
(53, 52, 17, 1, 'content53', '2019-08-02 02:32:50'),
(54, 33, 90, 2, 'content54', '2019-08-02 02:32:50'),
(55, 42, 59, 1, 'content55', '2019-08-02 02:32:50'),
(56, 2, 18, 2, 'content56', '2019-08-02 02:32:50'),
(57, 72, 1, 2, 'content57', '2019-08-02 02:32:50'),
(58, 7, 78, 1, 'content58', '2019-08-02 02:32:50'),
(59, 32, 32, 2, 'content59', '2019-08-02 02:32:50'),
(60, 60, 78, 2, 'content60', '2019-08-02 02:32:50'),
(61, 52, 58, 2, 'content61', '2019-08-02 02:32:50'),
(62, 61, 28, 2, 'content62', '2019-08-02 02:32:50'),
(63, 94, 52, 1, 'content63', '2019-08-02 02:32:50'),
(64, 70, 4, 1, 'content64', '2019-08-02 02:32:50'),
(65, 16, 6, 2, 'content65', '2019-08-02 02:32:50'),
(66, 36, 32, 2, 'content66', '2019-08-02 02:32:50'),
(67, 21, 53, 1, 'content67', '2019-08-02 02:32:50'),
(68, 12, 29, 2, 'content68', '2019-08-02 02:32:50'),
(69, 40, 43, 1, 'content69', '2019-08-02 02:32:50'),
(70, 93, 47, 1, 'content70', '2019-08-02 02:32:50'),
(71, 26, 60, 2, 'content71', '2019-08-02 02:32:50'),
(72, 19, 76, 2, 'content72', '2019-08-02 02:32:50'),
(73, 71, 14, 2, 'content73', '2019-08-02 02:32:50'),
(74, 65, 37, 1, 'content74', '2019-08-02 02:32:50'),
(75, 74, 2, 1, 'content75', '2019-08-02 02:32:50'),
(76, 33, 74, 1, 'content76', '2019-08-02 02:32:50'),
(77, 57, 10, 2, 'content77', '2019-08-02 02:32:50'),
(78, 89, 100, 2, 'content78', '2019-08-02 02:32:50'),
(79, 30, 57, 2, 'content79', '2019-08-02 02:32:50'),
(80, 90, 6, 2, 'content80', '2019-08-02 02:32:50'),
(81, 87, 76, 2, 'content81', '2019-08-02 02:32:50'),
(82, 77, 59, 2, 'content82', '2019-08-02 02:32:50'),
(83, 11, 30, 1, 'content83', '2019-08-02 02:32:50'),
(84, 59, 77, 2, 'content84', '2019-08-02 02:32:50'),
(85, 29, 69, 2, 'content85', '2019-08-02 02:32:50'),
(86, 48, 42, 1, 'content86', '2019-08-02 02:32:50'),
(87, 81, 99, 2, 'content87', '2019-08-02 02:32:50'),
(88, 80, 46, 1, 'content88', '2019-08-02 02:32:50'),
(89, 99, 66, 1, 'content89', '2019-08-02 02:32:50'),
(90, 24, 31, 1, 'content90', '2019-08-02 02:32:50'),
(91, 6, 64, 2, 'content91', '2019-08-02 02:32:50'),
(92, 8, 95, 1, 'content92', '2019-08-02 02:32:50'),
(93, 8, 97, 2, 'content93', '2019-08-02 02:32:50'),
(94, 74, 5, 2, 'content94', '2019-08-02 02:32:50'),
(95, 26, 39, 1, 'content95', '2019-08-02 02:32:50'),
(96, 24, 94, 2, 'content96', '2019-08-02 02:32:50'),
(97, 100, 93, 1, 'content97', '2019-08-02 02:32:50'),
(98, 62, 79, 2, 'content98', '2019-08-02 02:32:50'),
(99, 98, 96, 2, 'content99', '2019-08-02 02:32:50'),
(100, 49, 19, 2, 'content100', '2019-08-02 02:32:50'),
(101, 41, 57, 2, 'content101', '2019-08-02 02:32:50'),
(102, 72, 88, 2, 'content102', '2019-08-02 02:32:50'),
(103, 78, 96, 1, 'content103', '2019-08-02 02:32:50'),
(104, 36, 25, 2, 'content104', '2019-08-02 02:32:50'),
(105, 88, 70, 2, 'content105', '2019-08-02 02:32:50'),
(106, 18, 100, 2, 'content106', '2019-08-02 02:32:50'),
(107, 46, 82, 1, 'content107', '2019-08-02 02:32:50'),
(108, 19, 16, 2, 'content108', '2019-08-02 02:32:50'),
(109, 14, 67, 1, 'content109', '2019-08-02 02:32:50'),
(110, 17, 41, 2, 'content110', '2019-08-02 02:32:50'),
(111, 13, 32, 1, 'content111', '2019-08-02 02:32:50'),
(112, 63, 77, 2, 'content112', '2019-08-02 02:32:50'),
(113, 1, 38, 2, 'content113', '2019-08-02 02:32:50'),
(114, 48, 58, 1, 'content114', '2019-08-02 02:32:50'),
(115, 36, 77, 2, 'content115', '2019-08-02 02:32:50'),
(116, 29, 77, 1, 'content116', '2019-08-02 02:32:50'),
(117, 90, 61, 1, 'content117', '2019-08-02 02:32:50'),
(118, 50, 65, 1, 'content118', '2019-08-02 02:32:50'),
(119, 7, 46, 2, 'content119', '2019-08-02 02:32:50'),
(120, 51, 39, 1, 'content120', '2019-08-02 02:32:50'),
(121, 72, 32, 1, 'content121', '2019-08-02 02:32:50'),
(122, 17, 46, 1, 'content122', '2019-08-02 02:32:50'),
(123, 58, 10, 2, 'content123', '2019-08-02 02:32:50'),
(124, 28, 53, 2, 'content124', '2019-08-02 02:32:50'),
(125, 73, 14, 2, 'content125', '2019-08-02 02:32:50'),
(126, 38, 91, 2, 'content126', '2019-08-02 02:32:50'),
(127, 13, 96, 1, 'content127', '2019-08-02 02:32:50'),
(128, 89, 13, 2, 'content128', '2019-08-02 02:32:50'),
(129, 70, 92, 2, 'content129', '2019-08-02 02:32:50'),
(130, 21, 19, 2, 'content130', '2019-08-02 02:32:50'),
(131, 58, 20, 1, 'content131', '2019-08-02 02:32:50'),
(132, 33, 49, 1, 'content132', '2019-08-02 02:32:50'),
(133, 58, 13, 2, 'content133', '2019-08-02 02:32:50'),
(134, 2, 64, 2, 'content134', '2019-08-02 02:32:50'),
(135, 19, 11, 1, 'content135', '2019-08-02 02:32:50'),
(136, 97, 89, 1, 'content136', '2019-08-02 02:32:50'),
(137, 86, 99, 2, 'content137', '2019-08-02 02:32:50'),
(138, 36, 29, 2, 'content138', '2019-08-02 02:32:50'),
(139, 22, 64, 2, 'content139', '2019-08-02 02:32:50'),
(140, 95, 86, 2, 'content140', '2019-08-02 02:32:50'),
(141, 88, 55, 1, 'content141', '2019-08-02 02:32:50'),
(142, 70, 83, 2, 'content142', '2019-08-02 02:32:50'),
(143, 5, 62, 2, 'content143', '2019-08-02 02:32:50'),
(144, 76, 51, 1, 'content144', '2019-08-02 02:32:50'),
(145, 28, 73, 1, 'content145', '2019-08-02 02:32:50'),
(146, 92, 68, 1, 'content146', '2019-08-02 02:32:50'),
(147, 37, 59, 1, 'content147', '2019-08-02 02:32:50'),
(148, 77, 30, 2, 'content148', '2019-08-02 02:32:50'),
(149, 16, 40, 1, 'content149', '2019-08-02 02:32:50'),
(150, 60, 34, 2, 'content150', '2019-08-02 02:32:50'),
(151, 1, 85, 2, 'content151', '2019-08-02 02:32:50'),
(152, 51, 66, 1, 'content152', '2019-08-02 02:32:50'),
(153, 3, 66, 2, 'content153', '2019-08-02 02:32:50'),
(154, 33, 39, 1, 'content154', '2019-08-02 02:32:50'),
(155, 94, 1, 1, 'content155', '2019-08-02 02:32:50'),
(156, 18, 62, 2, 'content156', '2019-08-02 02:32:50'),
(157, 51, 71, 1, 'content157', '2019-08-02 02:32:50'),
(158, 57, 33, 1, 'content158', '2019-08-02 02:32:50'),
(159, 30, 40, 1, 'content159', '2019-08-02 02:32:50'),
(160, 35, 79, 2, 'content160', '2019-08-02 02:32:50'),
(161, 19, 59, 1, 'content161', '2019-08-02 02:32:50'),
(162, 66, 47, 1, 'content162', '2019-08-02 02:32:50'),
(163, 10, 21, 1, 'content163', '2019-08-02 02:32:50'),
(164, 49, 10, 2, 'content164', '2019-08-02 02:32:50'),
(165, 71, 44, 1, 'content165', '2019-08-02 02:32:50'),
(166, 3, 69, 2, 'content166', '2019-08-02 02:32:50'),
(167, 63, 83, 1, 'content167', '2019-08-02 02:32:50'),
(168, 30, 54, 2, 'content168', '2019-08-02 02:32:50'),
(169, 25, 40, 1, 'content169', '2019-08-02 02:32:50'),
(170, 57, 59, 1, 'content170', '2019-08-02 02:32:50'),
(171, 60, 85, 1, 'content171', '2019-08-02 02:32:50'),
(172, 27, 26, 2, 'content172', '2019-08-02 02:32:50'),
(173, 78, 5, 2, 'content173', '2019-08-02 02:32:50'),
(174, 72, 31, 1, 'content174', '2019-08-02 02:32:50'),
(175, 15, 20, 2, 'content175', '2019-08-02 02:32:50'),
(176, 78, 25, 2, 'content176', '2019-08-02 02:32:50'),
(177, 38, 22, 1, 'content177', '2019-08-02 02:32:50'),
(178, 98, 29, 2, 'content178', '2019-08-02 02:32:50'),
(179, 70, 29, 1, 'content179', '2019-08-02 02:32:50'),
(180, 47, 1, 1, 'content180', '2019-08-02 02:32:50'),
(181, 12, 77, 2, 'content181', '2019-08-02 02:32:50'),
(182, 91, 73, 1, 'content182', '2019-08-02 02:32:50'),
(183, 2, 24, 2, 'content183', '2019-08-02 02:32:50'),
(184, 76, 37, 1, 'content184', '2019-08-02 02:32:50'),
(185, 73, 81, 1, 'content185', '2019-08-02 02:32:50'),
(186, 42, 93, 1, 'content186', '2019-08-02 02:32:50'),
(187, 45, 28, 2, 'content187', '2019-08-02 02:32:50'),
(188, 62, 50, 2, 'content188', '2019-08-02 02:32:50'),
(189, 59, 3, 1, 'content189', '2019-08-02 02:32:50'),
(190, 33, 84, 2, 'content190', '2019-08-02 02:32:50'),
(191, 86, 85, 2, 'content191', '2019-08-02 02:32:50'),
(192, 92, 87, 2, 'content192', '2019-08-02 02:32:50'),
(193, 87, 54, 1, 'content193', '2019-08-02 02:32:50'),
(194, 7, 66, 2, 'content194', '2019-08-02 02:32:50'),
(195, 57, 95, 2, 'content195', '2019-08-02 02:32:50'),
(196, 22, 80, 2, 'content196', '2019-08-02 02:32:50'),
(197, 4, 72, 1, 'content197', '2019-08-02 02:32:50'),
(198, 33, 61, 1, 'content198', '2019-08-02 02:32:50'),
(199, 60, 19, 2, 'content199', '2019-08-02 02:32:50'),
(200, 95, 55, 1, 'content200', '2019-08-02 02:32:50'),
(201, 18, 40, 2, 'content201', '2019-08-02 02:32:50'),
(202, 42, 93, 1, 'content202', '2019-08-02 02:32:50'),
(203, 62, 87, 1, 'content203', '2019-08-02 02:32:50'),
(204, 19, 15, 1, 'content204', '2019-08-02 02:32:50'),
(205, 46, 30, 2, 'content205', '2019-08-02 02:32:50'),
(206, 97, 4, 2, 'content206', '2019-08-02 02:32:50'),
(207, 86, 24, 2, 'content207', '2019-08-02 02:32:50'),
(208, 11, 14, 1, 'content208', '2019-08-02 02:32:50'),
(209, 61, 84, 1, 'content209', '2019-08-02 02:32:50'),
(210, 70, 46, 2, 'content210', '2019-08-02 02:32:50'),
(211, 36, 76, 2, 'content211', '2019-08-02 02:32:50'),
(212, 35, 69, 2, 'content212', '2019-08-02 02:32:50'),
(213, 7, 2, 2, 'content213', '2019-08-02 02:32:50'),
(214, 81, 23, 2, 'content214', '2019-08-02 02:32:50'),
(215, 81, 18, 2, 'content215', '2019-08-02 02:32:50'),
(216, 83, 79, 1, 'content216', '2019-08-02 02:32:50'),
(217, 17, 48, 2, 'content217', '2019-08-02 02:32:50'),
(218, 68, 44, 2, 'content218', '2019-08-02 02:32:50'),
(219, 26, 30, 2, 'content219', '2019-08-02 02:32:50'),
(220, 76, 95, 2, 'content220', '2019-08-02 02:32:50'),
(221, 17, 37, 2, 'content221', '2019-08-02 02:32:50'),
(222, 34, 69, 1, 'content222', '2019-08-02 02:32:50'),
(223, 96, 10, 1, 'content223', '2019-08-02 02:32:50'),
(224, 53, 10, 1, 'content224', '2019-08-02 02:32:50'),
(225, 3, 44, 2, 'content225', '2019-08-02 02:32:50'),
(226, 73, 90, 2, 'content226', '2019-08-02 02:32:50'),
(227, 20, 30, 2, 'content227', '2019-08-02 02:32:50'),
(228, 54, 34, 1, 'content228', '2019-08-02 02:32:50'),
(229, 61, 19, 2, 'content229', '2019-08-02 02:32:50'),
(230, 60, 24, 2, 'content230', '2019-08-02 02:32:50'),
(231, 64, 85, 2, 'content231', '2019-08-02 02:32:50'),
(232, 5, 34, 2, 'content232', '2019-08-02 02:32:50'),
(233, 81, 96, 1, 'content233', '2019-08-02 02:32:50'),
(234, 83, 11, 2, 'content234', '2019-08-02 02:32:50'),
(235, 93, 61, 2, 'content235', '2019-08-02 02:32:50'),
(236, 74, 2, 1, 'content236', '2019-08-02 02:32:50'),
(237, 90, 20, 1, 'content237', '2019-08-02 02:32:50'),
(238, 17, 91, 2, 'content238', '2019-08-02 02:32:50'),
(239, 98, 80, 2, 'content239', '2019-08-02 02:32:50'),
(240, 74, 29, 2, 'content240', '2019-08-02 02:32:50'),
(241, 67, 95, 1, 'content241', '2019-08-02 02:32:50'),
(242, 6, 58, 2, 'content242', '2019-08-02 02:32:50'),
(243, 89, 36, 1, 'content243', '2019-08-02 02:32:50'),
(244, 80, 57, 1, 'content244', '2019-08-02 02:32:50'),
(245, 28, 69, 2, 'content245', '2019-08-02 02:32:50'),
(246, 18, 30, 1, 'content246', '2019-08-02 02:32:50'),
(247, 33, 59, 1, 'content247', '2019-08-02 02:32:50'),
(248, 9, 6, 1, 'content248', '2019-08-02 02:32:50'),
(249, 62, 16, 1, 'content249', '2019-08-02 02:32:50'),
(250, 94, 10, 2, 'content250', '2019-08-02 02:32:50'),
(251, 22, 47, 2, 'content251', '2019-08-02 02:32:50'),
(252, 31, 61, 2, 'content252', '2019-08-02 02:32:50'),
(253, 18, 69, 1, 'content253', '2019-08-02 02:32:50'),
(254, 83, 59, 2, 'content254', '2019-08-02 02:32:50'),
(255, 28, 94, 2, 'content255', '2019-08-02 02:32:50'),
(256, 67, 68, 1, 'content256', '2019-08-02 02:32:50'),
(257, 30, 76, 2, 'content257', '2019-08-02 02:32:50'),
(258, 50, 40, 1, 'content258', '2019-08-02 02:32:50'),
(259, 68, 30, 1, 'content259', '2019-08-02 02:32:50'),
(260, 92, 84, 2, 'content260', '2019-08-02 02:32:50'),
(261, 54, 62, 2, 'content261', '2019-08-02 02:32:50'),
(262, 59, 49, 1, 'content262', '2019-08-02 02:32:50'),
(263, 44, 90, 1, 'content263', '2019-08-02 02:32:50'),
(264, 22, 43, 2, 'content264', '2019-08-02 02:32:50'),
(265, 65, 5, 2, 'content265', '2019-08-02 02:32:50'),
(266, 10, 37, 1, 'content266', '2019-08-02 02:32:50'),
(267, 66, 26, 1, 'content267', '2019-08-02 02:32:50'),
(268, 27, 91, 2, 'content268', '2019-08-02 02:32:50'),
(269, 10, 55, 1, 'content269', '2019-08-02 02:32:50'),
(270, 57, 44, 1, 'content270', '2019-08-02 02:32:50'),
(271, 99, 95, 1, 'content271', '2019-08-02 02:32:50'),
(272, 24, 93, 1, 'content272', '2019-08-02 02:32:50'),
(273, 28, 94, 2, 'content273', '2019-08-02 02:32:50'),
(274, 1, 43, 1, 'content274', '2019-08-02 02:32:50'),
(275, 34, 69, 2, 'content275', '2019-08-02 02:32:50'),
(276, 33, 19, 1, 'content276', '2019-08-02 02:32:50'),
(277, 28, 88, 1, 'content277', '2019-08-02 02:32:50'),
(278, 61, 46, 2, 'content278', '2019-08-02 02:32:50'),
(279, 14, 55, 1, 'content279', '2019-08-02 02:32:50'),
(280, 43, 14, 2, 'content280', '2019-08-02 02:32:50'),
(281, 27, 93, 2, 'content281', '2019-08-02 02:32:50'),
(282, 43, 44, 1, 'content282', '2019-08-02 02:32:50'),
(283, 13, 20, 1, 'content283', '2019-08-02 02:32:50'),
(284, 83, 80, 1, 'content284', '2019-08-02 02:32:50'),
(285, 48, 18, 1, 'content285', '2019-08-02 02:32:50'),
(286, 69, 14, 1, 'content286', '2019-08-02 02:32:50'),
(287, 98, 88, 2, 'content287', '2019-08-02 02:32:50'),
(288, 7, 22, 2, 'content288', '2019-08-02 02:32:50'),
(289, 87, 64, 2, 'content289', '2019-08-02 02:32:50'),
(290, 76, 32, 2, 'content290', '2019-08-02 02:32:50'),
(291, 54, 19, 1, 'content291', '2019-08-02 02:32:50'),
(292, 11, 81, 1, 'content292', '2019-08-02 02:32:50'),
(293, 97, 29, 2, 'content293', '2019-08-02 02:32:50'),
(294, 16, 61, 1, 'content294', '2019-08-02 02:32:50'),
(295, 6, 12, 2, 'content295', '2019-08-02 02:32:50'),
(296, 76, 97, 2, 'content296', '2019-08-02 02:32:50'),
(297, 60, 24, 1, 'content297', '2019-08-02 02:32:50'),
(298, 96, 16, 2, 'content298', '2019-08-02 02:32:50'),
(299, 42, 24, 2, 'content299', '2019-08-02 02:32:50'),
(300, 1, 70, 1, 'content300', '2019-08-02 02:32:50'),
(301, 49, 88, 1, 'content301', '2019-08-02 02:32:50'),
(302, 53, 52, 2, 'content302', '2019-08-02 02:32:50'),
(303, 78, 49, 1, 'content303', '2019-08-02 02:32:50'),
(304, 83, 21, 1, 'content304', '2019-08-02 02:32:50'),
(305, 51, 71, 2, 'content305', '2019-08-02 02:32:50'),
(306, 45, 52, 1, 'content306', '2019-08-02 02:32:50'),
(307, 14, 46, 1, 'content307', '2019-08-02 02:32:50'),
(308, 46, 17, 2, 'content308', '2019-08-02 02:32:50'),
(309, 77, 22, 2, 'content309', '2019-08-02 02:32:50'),
(310, 25, 65, 2, 'content310', '2019-08-02 02:32:50'),
(311, 10, 9, 2, 'content311', '2019-08-02 02:32:50'),
(312, 75, 24, 2, 'content312', '2019-08-02 02:32:50'),
(313, 91, 84, 1, 'content313', '2019-08-02 02:32:50'),
(314, 53, 84, 1, 'content314', '2019-08-02 02:32:50'),
(315, 81, 44, 2, 'content315', '2019-08-02 02:32:50'),
(316, 77, 42, 2, 'content316', '2019-08-02 02:32:50'),
(317, 65, 79, 2, 'content317', '2019-08-02 02:32:50'),
(318, 29, 97, 2, 'content318', '2019-08-02 02:32:50'),
(319, 15, 36, 2, 'content319', '2019-08-02 02:32:50'),
(320, 78, 83, 2, 'content320', '2019-08-02 02:32:50'),
(321, 96, 69, 2, 'content321', '2019-08-02 02:32:50'),
(322, 75, 13, 1, 'content322', '2019-08-02 02:32:50'),
(323, 75, 71, 2, 'content323', '2019-08-02 02:32:50'),
(324, 89, 35, 2, 'content324', '2019-08-02 02:32:50'),
(325, 81, 2, 2, 'content325', '2019-08-02 02:32:50'),
(326, 9, 50, 2, 'content326', '2019-08-02 02:32:50'),
(327, 21, 20, 2, 'content327', '2019-08-02 02:32:50'),
(328, 28, 98, 2, 'content328', '2019-08-02 02:32:50'),
(329, 61, 47, 2, 'content329', '2019-08-02 02:32:50'),
(330, 85, 37, 2, 'content330', '2019-08-02 02:32:50'),
(331, 90, 5, 2, 'content331', '2019-08-02 02:32:50'),
(332, 6, 77, 1, 'content332', '2019-08-02 02:32:50'),
(333, 87, 5, 2, 'content333', '2019-08-02 02:32:50'),
(334, 80, 9, 1, 'content334', '2019-08-02 02:32:50'),
(335, 64, 13, 2, 'content335', '2019-08-02 02:32:50'),
(336, 82, 37, 1, 'content336', '2019-08-02 02:32:50'),
(337, 54, 64, 1, 'content337', '2019-08-02 02:32:50'),
(338, 73, 18, 2, 'content338', '2019-08-02 02:32:50'),
(339, 14, 48, 2, 'content339', '2019-08-02 02:32:50'),
(340, 14, 33, 1, 'content340', '2019-08-02 02:32:50'),
(341, 23, 91, 1, 'content341', '2019-08-02 02:32:50'),
(342, 73, 58, 1, 'content342', '2019-08-02 02:32:50'),
(343, 4, 70, 2, 'content343', '2019-08-02 02:32:50'),
(344, 80, 72, 2, 'content344', '2019-08-02 02:32:50'),
(345, 37, 14, 2, 'content345', '2019-08-02 02:32:50'),
(346, 75, 10, 2, 'content346', '2019-08-02 02:32:50'),
(347, 34, 76, 1, 'content347', '2019-08-02 02:32:50'),
(348, 46, 42, 2, 'content348', '2019-08-02 02:32:50'),
(349, 25, 3, 2, 'content349', '2019-08-02 02:32:50'),
(350, 38, 28, 2, 'content350', '2019-08-02 02:32:50'),
(351, 10, 81, 2, 'content351', '2019-08-02 02:32:50'),
(352, 68, 12, 2, 'content352', '2019-08-02 02:32:50'),
(353, 87, 29, 2, 'content353', '2019-08-02 02:32:50'),
(354, 92, 47, 1, 'content354', '2019-08-02 02:32:50'),
(355, 85, 51, 1, 'content355', '2019-08-02 02:32:50'),
(356, 51, 43, 2, 'content356', '2019-08-02 02:32:50'),
(357, 24, 58, 2, 'content357', '2019-08-02 02:32:50'),
(358, 90, 7, 1, 'content358', '2019-08-02 02:32:50'),
(359, 84, 28, 1, 'content359', '2019-08-02 02:32:50'),
(360, 92, 98, 2, 'content360', '2019-08-02 02:32:50'),
(361, 38, 78, 1, 'content361', '2019-08-02 02:32:50'),
(362, 11, 71, 1, 'content362', '2019-08-02 02:32:50'),
(363, 19, 80, 1, 'content363', '2019-08-02 02:32:50'),
(364, 89, 96, 2, 'content364', '2019-08-02 02:32:50'),
(365, 78, 42, 1, 'content365', '2019-08-02 02:32:50'),
(366, 3, 25, 1, 'content366', '2019-08-02 02:32:50'),
(367, 90, 14, 1, 'content367', '2019-08-02 02:32:50'),
(368, 26, 100, 1, 'content368', '2019-08-02 02:32:50'),
(369, 40, 46, 2, 'content369', '2019-08-02 02:32:50'),
(370, 18, 30, 2, 'content370', '2019-08-02 02:32:50'),
(371, 4, 1, 2, 'content371', '2019-08-02 02:32:50'),
(372, 80, 44, 2, 'content372', '2019-08-02 02:32:50'),
(373, 28, 14, 2, 'content373', '2019-08-02 02:32:50'),
(374, 93, 58, 2, 'content374', '2019-08-02 02:32:50'),
(375, 21, 57, 2, 'content375', '2019-08-02 02:32:50'),
(376, 69, 95, 2, 'content376', '2019-08-02 02:32:50'),
(377, 91, 76, 2, 'content377', '2019-08-02 02:32:50'),
(378, 53, 24, 1, 'content378', '2019-08-02 02:32:50'),
(379, 20, 10, 2, 'content379', '2019-08-02 02:32:50'),
(380, 30, 78, 1, 'content380', '2019-08-02 02:32:50'),
(381, 30, 77, 2, 'content381', '2019-08-02 02:32:50'),
(382, 41, 62, 2, 'content382', '2019-08-02 02:32:50'),
(383, 10, 35, 1, 'content383', '2019-08-02 02:32:50'),
(384, 99, 18, 2, 'content384', '2019-08-02 02:32:50'),
(385, 82, 11, 1, 'content385', '2019-08-02 02:32:50'),
(386, 43, 77, 1, 'content386', '2019-08-02 02:32:50'),
(387, 83, 92, 2, 'content387', '2019-08-02 02:32:50'),
(388, 37, 85, 2, 'content388', '2019-08-02 02:32:50'),
(389, 10, 12, 1, 'content389', '2019-08-02 02:32:50'),
(390, 12, 20, 1, 'content390', '2019-08-02 02:32:50'),
(391, 20, 83, 2, 'content391', '2019-08-02 02:32:50'),
(392, 39, 91, 2, 'content392', '2019-08-02 02:32:50'),
(393, 1, 88, 2, 'content393', '2019-08-02 02:32:50'),
(394, 40, 22, 1, 'content394', '2019-08-02 02:32:50'),
(395, 49, 81, 2, 'content395', '2019-08-02 02:32:50'),
(396, 47, 77, 1, 'content396', '2019-08-02 02:32:50'),
(397, 12, 59, 1, 'content397', '2019-08-02 02:32:50'),
(398, 32, 37, 2, 'content398', '2019-08-02 02:32:50'),
(399, 23, 86, 1, 'content399', '2019-08-02 02:32:50'),
(400, 7, 11, 1, 'content400', '2019-08-02 02:32:50'),
(401, 7, 33, 2, 'content401', '2019-08-02 02:32:50'),
(402, 65, 9, 1, 'content402', '2019-08-02 02:32:50'),
(403, 83, 3, 1, 'content403', '2019-08-02 02:32:50'),
(404, 69, 35, 2, 'content404', '2019-08-02 02:32:50'),
(405, 43, 90, 1, 'content405', '2019-08-02 02:32:50'),
(406, 58, 52, 1, 'content406', '2019-08-02 02:32:50'),
(407, 90, 37, 1, 'content407', '2019-08-02 02:32:50'),
(408, 67, 91, 2, 'content408', '2019-08-02 02:32:50'),
(409, 40, 4, 1, 'content409', '2019-08-02 02:32:50'),
(410, 39, 77, 1, 'content410', '2019-08-02 02:32:50'),
(411, 29, 49, 1, 'content411', '2019-08-02 02:32:50'),
(412, 92, 29, 2, 'content412', '2019-08-02 02:32:50'),
(413, 16, 70, 2, 'content413', '2019-08-02 02:32:50'),
(414, 67, 50, 2, 'content414', '2019-08-02 02:32:50'),
(415, 99, 54, 2, 'content415', '2019-08-02 02:32:50'),
(416, 96, 52, 1, 'content416', '2019-08-02 02:32:50'),
(417, 91, 20, 2, 'content417', '2019-08-02 02:32:50'),
(418, 6, 88, 2, 'content418', '2019-08-02 02:32:50'),
(419, 44, 74, 1, 'content419', '2019-08-02 02:32:50'),
(420, 83, 89, 1, 'content420', '2019-08-02 02:32:50'),
(421, 22, 80, 2, 'content421', '2019-08-02 02:32:50'),
(422, 78, 17, 1, 'content422', '2019-08-02 02:32:50'),
(423, 12, 69, 2, 'content423', '2019-08-02 02:32:50'),
(424, 27, 43, 2, 'content424', '2019-08-02 02:32:50'),
(425, 32, 55, 2, 'content425', '2019-08-02 02:32:50'),
(426, 18, 98, 1, 'content426', '2019-08-02 02:32:50'),
(427, 62, 24, 2, 'content427', '2019-08-02 02:32:50'),
(428, 31, 1, 1, 'content428', '2019-08-02 02:32:50'),
(429, 10, 65, 2, 'content429', '2019-08-02 02:32:50'),
(430, 35, 90, 2, 'content430', '2019-08-02 02:32:50'),
(431, 99, 43, 1, 'content431', '2019-08-02 02:32:50'),
(432, 74, 38, 2, 'content432', '2019-08-02 02:32:50'),
(433, 80, 25, 1, 'content433', '2019-08-02 02:32:50'),
(434, 77, 46, 1, 'content434', '2019-08-02 02:32:50'),
(435, 82, 43, 2, 'content435', '2019-08-02 02:32:50'),
(436, 8, 76, 2, 'content436', '2019-08-02 02:32:50'),
(437, 8, 54, 1, 'content437', '2019-08-02 02:32:50'),
(438, 33, 96, 2, 'content438', '2019-08-02 02:32:50'),
(439, 7, 88, 1, 'content439', '2019-08-02 02:32:50'),
(440, 40, 13, 2, 'content440', '2019-08-02 02:32:50'),
(441, 98, 100, 1, 'content441', '2019-08-02 02:32:50'),
(442, 87, 77, 2, 'content442', '2019-08-02 02:32:50'),
(443, 11, 55, 1, 'content443', '2019-08-02 02:32:50'),
(444, 82, 90, 1, 'content444', '2019-08-02 02:32:50'),
(445, 30, 12, 2, 'content445', '2019-08-02 02:32:50'),
(446, 51, 86, 2, 'content446', '2019-08-02 02:32:50'),
(447, 27, 38, 1, 'content447', '2019-08-02 02:32:50'),
(448, 14, 66, 1, 'content448', '2019-08-02 02:32:50'),
(449, 64, 45, 1, 'content449', '2019-08-02 02:32:50'),
(450, 63, 63, 1, 'content450', '2019-08-02 02:32:50'),
(451, 18, 75, 2, 'content451', '2019-08-02 02:32:50'),
(452, 38, 58, 2, 'content452', '2019-08-02 02:32:50'),
(453, 80, 8, 2, 'content453', '2019-08-02 02:32:50'),
(454, 9, 18, 1, 'content454', '2019-08-02 02:32:50'),
(455, 54, 29, 2, 'content455', '2019-08-02 02:32:50'),
(456, 83, 87, 2, 'content456', '2019-08-02 02:32:50'),
(457, 51, 100, 2, 'content457', '2019-08-02 02:32:50'),
(458, 99, 69, 1, 'content458', '2019-08-02 02:32:50'),
(459, 2, 79, 1, 'content459', '2019-08-02 02:32:50'),
(460, 83, 13, 1, 'content460', '2019-08-02 02:32:50'),
(461, 37, 36, 1, 'content461', '2019-08-02 02:32:50'),
(462, 26, 40, 2, 'content462', '2019-08-02 02:32:50'),
(463, 33, 41, 2, 'content463', '2019-08-02 02:32:50'),
(464, 44, 9, 2, 'content464', '2019-08-02 02:32:50'),
(465, 91, 63, 2, 'content465', '2019-08-02 02:32:50'),
(466, 34, 74, 1, 'content466', '2019-08-02 02:32:50'),
(467, 53, 84, 1, 'content467', '2019-08-02 02:32:50'),
(468, 53, 5, 2, 'content468', '2019-08-02 02:32:50'),
(469, 89, 71, 1, 'content469', '2019-08-02 02:32:50'),
(470, 87, 40, 2, 'content470', '2019-08-02 02:32:50'),
(471, 3, 1, 1, 'content471', '2019-08-02 02:32:50'),
(472, 86, 13, 2, 'content472', '2019-08-02 02:32:50'),
(473, 86, 60, 2, 'content473', '2019-08-02 02:32:50'),
(474, 39, 95, 1, 'content474', '2019-08-02 02:32:50'),
(475, 50, 3, 1, 'content475', '2019-08-02 02:32:50'),
(476, 35, 6, 1, 'content476', '2019-08-02 02:32:50'),
(477, 72, 95, 1, 'content477', '2019-08-02 02:32:50'),
(478, 92, 64, 2, 'content478', '2019-08-02 02:32:50'),
(479, 20, 23, 1, 'content479', '2019-08-02 02:32:50'),
(480, 19, 53, 2, 'content480', '2019-08-02 02:32:50'),
(481, 43, 13, 1, 'content481', '2019-08-02 02:32:50'),
(482, 20, 2, 2, 'content482', '2019-08-02 02:32:50'),
(483, 15, 89, 2, 'content483', '2019-08-02 02:32:50'),
(484, 76, 3, 2, 'content484', '2019-08-02 02:32:50'),
(485, 37, 10, 1, 'content485', '2019-08-02 02:32:50'),
(486, 70, 98, 2, 'content486', '2019-08-02 02:32:50'),
(487, 68, 68, 2, 'content487', '2019-08-02 02:32:50'),
(488, 12, 32, 1, 'content488', '2019-08-02 02:32:50'),
(489, 20, 20, 1, 'content489', '2019-08-02 02:32:50'),
(490, 37, 75, 2, 'content490', '2019-08-02 02:32:50'),
(491, 58, 14, 2, 'content491', '2019-08-02 02:32:50'),
(492, 92, 63, 1, 'content492', '2019-08-02 02:32:50'),
(493, 20, 59, 2, 'content493', '2019-08-02 02:32:50'),
(494, 66, 97, 2, 'content494', '2019-08-02 02:32:50'),
(495, 89, 2, 1, 'content495', '2019-08-02 02:32:50'),
(496, 21, 18, 2, 'content496', '2019-08-02 02:32:50'),
(497, 93, 78, 1, 'content497', '2019-08-02 02:32:50'),
(498, 98, 99, 2, 'content498', '2019-08-02 02:32:50'),
(499, 12, 52, 2, 'content499', '2019-08-02 02:32:50'),
(500, 64, 96, 2, 'content500', '2019-08-02 02:32:50');

-- --------------------------------------------------------

--
-- 表的结构 `tags`
--

CREATE TABLE `tags` (
  `id` int(10) UNSIGNED NOT NULL,
  `name` varchar(30) NOT NULL
) ENGINE=InnoDB DEFAULT CHARSET=utf8;

--
-- 转存表中的数据 `tags`
--

INSERT INTO `tags` (`id`, `name`) VALUES
(1, 'tag1'),
(10, 'tag10'),
(11, 'tag11'),
(12, 'tag12'),
(13, 'tag13'),
(14, 'tag14'),
(15, 'tag15'),
(16, 'tag16'),
(17, 'tag17'),
(18, 'tag18'),
(19, 'tag19'),
(2, 'tag2'),
(20, 'tag20'),
(3, 'tag3'),
(4, 'tag4'),
(5, 'tag5'),
(6, 'tag6'),
(7, 'tag7'),
(8, 'tag8'),
(9, 'tag9');

-- --------------------------------------------------------

--
-- 表的结构 `target_tag`
--

CREATE TABLE `target_tag` (
  `id` int(10) UNSIGNED NOT NULL,
  `tag_id` int(10) UNSIGNED NOT NULL,
  `target_id` int(10) UNSIGNED NOT NULL,
  `target_type` tinyint(3) UNSIGNED NOT NULL DEFAULT '1' COMMENT '1 文章, 2 视频'
) ENGINE=InnoDB DEFAULT CHARSET=utf8 ROW_FORMAT=COMPACT;

--
-- 转存表中的数据 `target_tag`
--

INSERT INTO `target_tag` (`id`, `tag_id`, `target_id`, `target_type`) VALUES
(1, 10, 64, 2),
(2, 17, 91, 2),
(3, 4, 62, 2),
(4, 19, 46, 1),
(5, 3, 78, 1),
(6, 8, 37, 1),
(7, 6, 29, 2),
(8, 12, 70, 2),
(9, 2, 36, 1),
(10, 18, 25, 2),
(11, 18, 95, 2),
(12, 15, 30, 2),
(13, 18, 80, 1),
(14, 4, 18, 2),
(15, 2, 82, 2),
(16, 2, 69, 2),
(17, 5, 7, 1),
(18, 2, 93, 2),
(19, 18, 38, 2),
(20, 5, 5, 1),
(21, 12, 79, 1),
(22, 10, 90, 2),
(23, 13, 77, 1),
(24, 5, 18, 2),
(25, 16, 80, 1),
(26, 11, 22, 2),
(27, 18, 67, 1),
(28, 8, 85, 1),
(29, 9, 31, 1),
(30, 15, 53, 2),
(31, 9, 75, 1),
(32, 7, 70, 2),
(33, 19, 47, 2),
(34, 2, 56, 2),
(35, 12, 4, 1),
(36, 8, 90, 1),
(37, 5, 63, 1),
(38, 17, 97, 1),
(39, 4, 98, 2),
(40, 13, 49, 1),
(41, 10, 12, 1),
(42, 17, 44, 1),
(43, 9, 68, 2),
(44, 20, 1, 2),
(45, 12, 29, 1),
(46, 15, 66, 2),
(47, 3, 46, 2),
(48, 8, 17, 2),
(49, 19, 22, 1),
(50, 11, 68, 1),
(51, 9, 60, 1),
(52, 18, 6, 1),
(53, 3, 37, 2),
(54, 14, 13, 1),
(55, 10, 46, 1),
(56, 3, 55, 1),
(57, 8, 94, 1),
(58, 8, 19, 2),
(59, 10, 96, 2),
(60, 14, 21, 2),
(61, 5, 29, 1),
(62, 15, 19, 2),
(63, 19, 51, 1),
(64, 20, 51, 1),
(65, 3, 95, 1),
(66, 8, 99, 1),
(67, 8, 28, 1),
(68, 7, 75, 1),
(69, 3, 17, 2),
(70, 20, 85, 1),
(71, 18, 41, 1),
(72, 9, 39, 2),
(73, 8, 5, 2),
(74, 20, 29, 1),
(75, 1, 76, 2),
(76, 3, 16, 2),
(77, 3, 16, 1),
(78, 12, 35, 2),
(79, 1, 99, 1),
(80, 4, 18, 2),
(81, 9, 18, 1),
(82, 9, 29, 1),
(83, 5, 77, 1),
(84, 19, 32, 1),
(85, 17, 95, 2),
(86, 7, 91, 1),
(87, 17, 83, 1),
(88, 9, 30, 1),
(89, 2, 27, 1),
(90, 7, 76, 1),
(91, 19, 36, 2),
(92, 9, 13, 2),
(93, 18, 47, 1),
(94, 4, 45, 2),
(95, 19, 76, 1),
(96, 19, 65, 1),
(97, 18, 8, 1),
(98, 3, 42, 1),
(99, 16, 25, 2),
(100, 8, 23, 2),
(101, 15, 14, 1),
(102, 4, 96, 2),
(103, 4, 98, 2),
(104, 11, 92, 1),
(105, 17, 58, 2),
(106, 17, 74, 2),
(107, 15, 91, 2),
(108, 12, 1, 2),
(109, 5, 18, 2),
(110, 3, 50, 2),
(111, 19, 19, 1),
(112, 14, 51, 2),
(113, 10, 91, 1),
(114, 8, 37, 1),
(115, 15, 35, 1),
(116, 6, 26, 1),
(117, 18, 59, 1),
(118, 19, 16, 2),
(119, 19, 50, 1),
(120, 5, 68, 2),
(121, 5, 94, 1),
(122, 4, 38, 2),
(123, 5, 42, 1),
(124, 19, 34, 2),
(125, 12, 41, 1),
(126, 15, 21, 2),
(127, 14, 61, 2),
(128, 9, 25, 2),
(129, 10, 98, 2),
(130, 19, 77, 2),
(131, 7, 43, 2),
(132, 18, 86, 2),
(133, 13, 28, 1),
(134, 18, 92, 2),
(135, 18, 64, 1),
(136, 14, 6, 2),
(137, 17, 10, 2),
(138, 3, 40, 1),
(139, 6, 66, 2),
(140, 12, 35, 2),
(141, 2, 21, 1),
(142, 4, 32, 2),
(143, 4, 1, 2),
(144, 14, 25, 2),
(145, 19, 89, 1),
(146, 3, 90, 1),
(147, 13, 58, 2),
(148, 2, 64, 1),
(149, 13, 37, 1),
(150, 1, 19, 1),
(151, 16, 25, 2),
(152, 8, 79, 1),
(153, 9, 13, 2),
(154, 3, 76, 1),
(155, 2, 16, 1),
(156, 1, 45, 2),
(157, 13, 79, 2),
(158, 11, 60, 2),
(159, 7, 62, 2),
(160, 6, 85, 1),
(161, 4, 24, 2),
(162, 8, 72, 1),
(163, 9, 7, 2),
(164, 20, 43, 2),
(165, 1, 42, 2),
(166, 13, 55, 1),
(167, 3, 96, 1),
(168, 11, 64, 1),
(169, 3, 92, 2),
(170, 8, 80, 2),
(171, 4, 50, 2),
(172, 4, 14, 1),
(173, 16, 15, 2),
(174, 11, 14, 1),
(175, 9, 94, 2),
(176, 7, 55, 1),
(177, 7, 86, 2),
(178, 18, 63, 2),
(179, 3, 30, 1),
(180, 14, 50, 1),
(181, 12, 64, 2),
(182, 3, 54, 2),
(183, 20, 34, 2),
(184, 14, 89, 2),
(185, 6, 40, 2),
(186, 12, 10, 1),
(187, 14, 17, 1),
(188, 7, 28, 2),
(189, 11, 65, 2),
(190, 15, 4, 1),
(191, 13, 72, 2),
(192, 5, 76, 2),
(193, 10, 30, 2),
(194, 8, 91, 1),
(195, 7, 58, 1),
(196, 18, 16, 2),
(197, 14, 60, 1),
(198, 19, 43, 2),
(199, 12, 85, 1),
(200, 8, 18, 2),
(201, 5, 99, 2),
(202, 4, 60, 2),
(203, 16, 14, 1),
(204, 14, 90, 1),
(205, 12, 7, 2),
(206, 14, 76, 2),
(207, 6, 41, 1),
(208, 7, 38, 2),
(209, 15, 36, 1),
(210, 7, 12, 2),
(211, 18, 89, 2),
(212, 6, 10, 2),
(213, 1, 8, 2),
(214, 9, 45, 1),
(215, 1, 75, 1),
(216, 2, 82, 1),
(217, 4, 88, 1),
(218, 7, 49, 2),
(219, 3, 78, 1),
(220, 6, 89, 2),
(221, 4, 62, 1),
(222, 17, 44, 1),
(223, 6, 83, 2),
(224, 18, 11, 2),
(225, 20, 61, 1),
(226, 6, 85, 2),
(227, 10, 27, 1),
(228, 20, 50, 2),
(229, 5, 77, 1),
(230, 13, 91, 1),
(231, 10, 57, 1),
(232, 6, 61, 2),
(233, 10, 45, 2),
(234, 11, 48, 1),
(235, 18, 36, 2),
(236, 17, 28, 1),
(237, 10, 68, 1),
(238, 12, 37, 1),
(239, 18, 3, 1),
(240, 9, 19, 2),
(241, 10, 21, 1),
(242, 20, 88, 1),
(243, 7, 73, 1),
(244, 20, 10, 1),
(245, 19, 36, 1),
(246, 12, 4, 2),
(247, 1, 94, 2),
(248, 2, 49, 2),
(249, 20, 100, 2),
(250, 3, 10, 1),
(251, 4, 58, 1),
(252, 9, 97, 1),
(253, 3, 73, 1),
(254, 8, 8, 1),
(255, 15, 57, 2),
(256, 16, 61, 2),
(257, 13, 8, 1),
(258, 19, 40, 2),
(259, 9, 74, 1),
(260, 17, 8, 2),
(261, 16, 88, 2),
(262, 2, 95, 1),
(263, 19, 27, 2),
(264, 12, 13, 2),
(265, 17, 69, 1),
(266, 2, 59, 1),
(267, 2, 3, 2),
(268, 14, 32, 2),
(269, 15, 61, 1),
(270, 7, 23, 2),
(271, 8, 79, 1),
(272, 7, 45, 2),
(273, 1, 15, 2),
(274, 15, 65, 2),
(275, 14, 48, 1),
(276, 6, 61, 1),
(277, 8, 28, 1),
(278, 17, 15, 1),
(279, 5, 79, 2),
(280, 5, 41, 2),
(281, 18, 17, 2),
(282, 5, 95, 2),
(283, 5, 15, 1),
(284, 7, 38, 1),
(285, 1, 62, 1),
(286, 5, 33, 2),
(287, 9, 30, 1),
(288, 20, 57, 1),
(289, 11, 70, 2),
(290, 1, 24, 1),
(291, 3, 89, 1),
(292, 10, 70, 2),
(293, 3, 74, 2),
(294, 3, 66, 2),
(295, 11, 32, 1),
(296, 15, 62, 2),
(297, 10, 77, 1),
(298, 11, 88, 2),
(299, 3, 3, 2),
(300, 12, 74, 2),
(301, 1, 14, 1),
(302, 18, 59, 2),
(303, 3, 14, 1),
(304, 14, 45, 1),
(305, 7, 79, 2),
(306, 9, 47, 1),
(307, 16, 67, 1),
(308, 14, 84, 2),
(309, 20, 97, 2),
(310, 8, 80, 2),
(311, 20, 61, 1),
(312, 14, 26, 1),
(313, 7, 54, 2),
(314, 4, 13, 1),
(315, 1, 8, 2),
(316, 20, 31, 2),
(317, 8, 66, 1),
(318, 14, 23, 2),
(319, 15, 89, 1),
(320, 12, 66, 2),
(321, 16, 14, 1),
(322, 16, 77, 2),
(323, 3, 32, 2),
(324, 18, 14, 1),
(325, 12, 13, 2),
(326, 18, 43, 2),
(327, 12, 55, 2),
(328, 1, 100, 2),
(329, 20, 15, 1),
(330, 3, 81, 2),
(331, 20, 64, 2),
(332, 6, 21, 1),
(333, 17, 72, 1),
(334, 8, 11, 2),
(335, 18, 59, 1),
(336, 10, 34, 1),
(337, 12, 77, 2),
(338, 7, 80, 1),
(339, 1, 4, 1),
(340, 1, 96, 2),
(341, 12, 28, 2),
(342, 17, 47, 1),
(343, 6, 51, 2),
(344, 2, 13, 2),
(345, 4, 4, 1),
(346, 10, 54, 2),
(347, 15, 68, 2),
(348, 20, 9, 2),
(349, 12, 98, 1),
(350, 20, 87, 2),
(351, 16, 48, 2),
(352, 20, 81, 2),
(353, 5, 64, 2),
(354, 18, 63, 1),
(355, 9, 40, 1),
(356, 18, 77, 2),
(357, 18, 19, 1),
(358, 12, 32, 2),
(359, 11, 54, 1),
(360, 15, 65, 2),
(361, 18, 85, 1),
(362, 6, 31, 1),
(363, 20, 42, 2),
(364, 13, 68, 2),
(365, 1, 42, 1),
(366, 9, 64, 2),
(367, 18, 91, 2),
(368, 16, 53, 1),
(369, 3, 22, 1),
(370, 4, 45, 1),
(371, 2, 86, 1),
(372, 1, 65, 2),
(373, 1, 27, 2),
(374, 17, 61, 1),
(375, 9, 88, 1),
(376, 19, 9, 1),
(377, 1, 40, 1),
(378, 8, 41, 2),
(379, 16, 38, 1),
(380, 12, 54, 1),
(381, 5, 36, 1),
(382, 3, 37, 1),
(383, 14, 34, 1),
(384, 7, 72, 2),
(385, 17, 59, 2),
(386, 2, 23, 1),
(387, 18, 71, 1),
(388, 7, 22, 2),
(389, 20, 10, 2),
(390, 13, 70, 1),
(391, 12, 30, 1),
(392, 10, 29, 2),
(393, 14, 33, 1),
(394, 14, 99, 1),
(395, 9, 71, 2),
(396, 3, 36, 2),
(397, 7, 47, 1),
(398, 1, 20, 1),
(399, 4, 4, 1),
(400, 20, 78, 1),
(401, 3, 9, 1),
(402, 2, 12, 1),
(403, 14, 91, 2),
(404, 18, 95, 1),
(405, 5, 97, 1),
(406, 16, 97, 1),
(407, 11, 51, 2),
(408, 7, 99, 1),
(409, 7, 40, 1),
(410, 10, 59, 2),
(411, 11, 44, 1),
(412, 10, 51, 1),
(413, 13, 10, 2),
(414, 20, 5, 1),
(415, 5, 100, 2),
(416, 1, 58, 1),
(417, 16, 11, 2),
(418, 16, 94, 2),
(419, 19, 65, 1),
(420, 17, 74, 1),
(421, 1, 78, 2),
(422, 13, 34, 2),
(423, 8, 89, 1),
(424, 7, 42, 1),
(425, 18, 17, 2),
(426, 5, 37, 2),
(427, 13, 45, 1),
(428, 20, 76, 1),
(429, 2, 91, 2),
(430, 20, 85, 2),
(431, 13, 82, 1),
(432, 6, 88, 2),
(433, 3, 9, 1),
(434, 11, 76, 2),
(435, 14, 36, 2),
(436, 11, 8, 1),
(437, 12, 8, 1),
(438, 8, 78, 2),
(439, 13, 89, 2),
(440, 8, 90, 2),
(441, 8, 49, 1),
(442, 20, 3, 2),
(443, 4, 21, 2),
(444, 8, 59, 1),
(445, 7, 57, 1),
(446, 4, 75, 1),
(447, 5, 12, 1),
(448, 5, 95, 1),
(449, 16, 19, 2),
(450, 8, 90, 2),
(451, 11, 42, 2),
(452, 3, 1, 2),
(453, 15, 79, 2),
(454, 5, 70, 2),
(455, 6, 87, 2),
(456, 12, 83, 1),
(457, 17, 86, 2),
(458, 6, 47, 1),
(459, 16, 92, 2),
(460, 1, 28, 1),
(461, 15, 21, 2),
(462, 4, 49, 2),
(463, 15, 97, 2),
(464, 4, 96, 2),
(465, 19, 3, 1),
(466, 13, 95, 2),
(467, 1, 42, 1),
(468, 14, 91, 2),
(469, 17, 78, 1),
(470, 6, 21, 2),
(471, 11, 59, 2),
(472, 2, 92, 2),
(473, 9, 45, 1),
(474, 8, 50, 2),
(475, 10, 78, 1),
(476, 15, 31, 2),
(477, 11, 34, 1),
(478, 10, 88, 2),
(479, 10, 84, 1),
(480, 19, 24, 1),
(481, 3, 25, 2),
(482, 20, 65, 1),
(483, 16, 84, 2),
(484, 2, 61, 1),
(485, 9, 96, 1),
(486, 9, 38, 1),
(487, 8, 77, 1),
(488, 11, 9, 2),
(489, 6, 79, 2),
(490, 15, 54, 1),
(491, 15, 48, 1),
(492, 13, 39, 2),
(493, 18, 17, 2),
(494, 12, 51, 1),
(495, 16, 29, 2),
(496, 5, 47, 2),
(497, 18, 73, 2),
(498, 5, 32, 2),
(499, 17, 52, 1),
(500, 3, 89, 2);

-- --------------------------------------------------------

--
-- 表的结构 `users`
--

CREATE TABLE `users` (
  `id` int(10) UNSIGNED NOT NULL,
  `name` varchar(50) NOT NULL,
  `email` varchar(50) NOT NULL,
  `age` tinyint(3) UNSIGNED NOT NULL DEFAULT '0'
) ENGINE=InnoDB DEFAULT CHARSET=utf8mb4;

--
-- 转存表中的数据 `users`
--

INSERT INTO `users` (`id`, `name`, `email`, `age`) VALUES
(1, 'user1', 'user1@email.com', 49),
(2, 'user2', 'user2@email.com', 45),
(3, 'user3', 'user3@email.com', 50),
(4, 'user4', 'user4@email.com', 45),
(5, 'user5', 'user5@email.com', 45),
(6, 'user6', 'user6@email.com', 45),
(7, 'user7', 'user7@email.com', 45),
(8, 'user8', 'user8@email.com', 45),
(9, 'user9', 'user9@email.com', 45),
(10, 'user10', 'user10@email.com', 45),
(11, 'user11', 'user11@email.com', 45),
(12, 'user12', 'user12@email.com', 45),
(13, 'user13', 'user13@email.com', 45),
(14, 'user14', 'user14@email.com', 45),
(15, 'user15', 'user15@email.com', 45),
(16, 'user16', 'user16@email.com', 45),
(17, 'user17', 'user17@email.com', 45),
(18, 'user18', 'user18@email.com', 45),
(19, 'user19', 'user19@email.com', 45),
(20, 'user20', 'user20@email.com', 45),
(21, 'user21', 'user21@email.com', 45),
(22, 'user22', 'user22@email.com', 45),
(23, 'user23', 'user23@email.com', 45),
(24, 'user24', 'user24@email.com', 45),
(25, 'user25', 'user25@email.com', 45),
(26, 'user26', 'user26@email.com', 45),
(27, 'user27', 'user27@email.com', 45),
(28, 'user28', 'user28@email.com', 45),
(29, 'user29', 'user29@email.com', 45),
(30, 'user30', 'user30@email.com', 45),
(31, 'user31', 'user31@email.com', 45),
(32, 'user32', 'user32@email.com', 45),
(33, 'user33', 'user33@email.com', 45),
(34, 'user34', 'user34@email.com', 45),
(35, 'user35', 'user35@email.com', 45),
(36, 'user36', 'user36@email.com', 45),
(37, 'user37', 'user37@email.com', 45),
(38, 'user38', 'user38@email.com', 45),
(39, 'user39', 'user39@email.com', 45),
(40, 'user40', 'user40@email.com', 45),
(41, 'user41', 'user41@email.com', 45),
(42, 'user42', 'user42@email.com', 45),
(43, 'user43', 'user43@email.com', 45),
(44, 'user44', 'user44@email.com', 45),
(45, 'user45', 'user45@email.com', 45),
(46, 'user46', 'user46@email.com', 45),
(47, 'user47', 'user47@email.com', 45),
(48, 'user48', 'user48@email.com', 45),
(49, 'user49', 'user49@email.com', 45),
(50, 'user50', 'user50@email.com', 45),
(51, 'user51', 'user51@email.com', 45),
(52, 'user52', 'user52@email.com', 45),
(53, 'user53', 'user53@email.com', 45),
(54, 'user54', 'user54@email.com', 45),
(55, 'user55', 'user55@email.com', 45),
(56, 'user56', 'user56@email.com', 45),
(57, 'user57', 'user57@email.com', 45),
(58, 'user58', 'user58@email.com', 45),
(59, 'user59', 'user59@email.com', 45),
(60, 'user60', 'user60@email.com', 45),
(61, 'user61', 'user61@email.com', 45),
(62, 'user62', 'user62@email.com', 45),
(63, 'user63', 'user63@email.com', 45),
(64, 'user64', 'user64@email.com', 45),
(65, 'user65', 'user65@email.com', 45),
(66, 'user66', 'user66@email.com', 45),
(67, 'user67', 'user67@email.com', 45),
(68, 'user68', 'user68@email.com', 45),
(69, 'user69', 'user69@email.com', 45),
(70, 'user70', 'user70@email.com', 45),
(71, 'user71', 'user71@email.com', 45),
(72, 'user72', 'user72@email.com', 45),
(73, 'user73', 'user73@email.com', 45),
(74, 'user74', 'user74@email.com', 45),
(75, 'user75', 'user75@email.com', 45),
(76, 'user76', 'user76@email.com', 45),
(77, 'user77', 'user77@email.com', 45),
(78, 'user78', 'user78@email.com', 45),
(79, 'user79', 'user79@email.com', 45),
(80, 'user80', 'user80@email.com', 45),
(81, 'user81', 'user81@email.com', 45),
(82, 'user82', 'user82@email.com', 45),
(83, 'user83', 'user83@email.com', 45),
(84, 'user84', 'user84@email.com', 45),
(85, 'user85', 'user85@email.com', 45),
(86, 'user86', 'user86@email.com', 45),
(87, 'user87', 'user87@email.com', 45),
(88, 'user88', 'user88@email.com', 45),
(89, 'user89', 'user89@email.com', 45),
(90, 'user90', 'user90@email.com', 45),
(91, 'user91', 'user91@email.com', 45),
(92, 'user92', 'user92@email.com', 45),
(93, 'user93', 'user93@email.com', 45),
(94, 'user94', 'user94@email.com', 45),
(95, 'user95', 'user95@email.com', 45),
(96, 'user96', 'user96@email.com', 45),
(97, 'user97', 'user97@email.com', 45),
(98, 'user98', 'user98@email.com', 45),
(99, 'user99', 'user99@email.com', 45),
(100, 'user100', 'user100@email.com', 45);

-- --------------------------------------------------------

--
-- 表的结构 `video`
--

CREATE TABLE `video` (
  `vid` int(11) NOT NULL,
  `title` varchar(100) NOT NULL,
  `user_id` int(10) UNSIGNED NOT NULL,
  `source_url` varchar(100) NOT NULL,
  `status` tinyint(4) NOT NULL DEFAULT '1'
) ENGINE=InnoDB DEFAULT CHARSET=utf8;

--
-- 转存表中的数据 `video`
--

INSERT INTO `video` (`vid`, `title`, `user_id`, `source_url`, `status`) VALUES
(1, 'title1', 54, 'url1', 1),
(2, 'title2', 87, 'url2', 1),
(3, 'title3', 49, 'url3', 1),
(4, 'title4', 42, 'url4', 1),
(5, 'title5', 62, 'url5', 1),
(6, 'title6', 63, 'url6', 1),
(7, 'title7', 46, 'url7', 1),
(8, 'title8', 6, 'url8', 1),
(9, 'title9', 29, 'url9', 1),
(10, 'title10', 88, 'url10', 1),
(11, 'title11', 82, 'url11', 1),
(12, 'title12', 40, 'url12', 1),
(13, 'title13', 91, 'url13', 1),
(14, 'title14', 56, 'url14', 1),
(15, 'title15', 66, 'url15', 1),
(16, 'title16', 23, 'url16', 1),
(17, 'title17', 72, 'url17', 1),
(18, 'title18', 52, 'url18', 1),
(19, 'title19', 58, 'url19', 1),
(20, 'title20', 12, 'url20', 1),
(21, 'title21', 34, 'url21', 1),
(22, 'title22', 12, 'url22', 1),
(23, 'title23', 93, 'url23', 1),
(24, 'title24', 82, 'url24', 1),
(25, 'title25', 4, 'url25', 1),
(26, 'title26', 15, 'url26', 1),
(27, 'title27', 90, 'url27', 1),
(28, 'title28', 21, 'url28', 1),
(29, 'title29', 76, 'url29', 1),
(30, 'title30', 72, 'url30', 1),
(31, 'title31', 66, 'url31', 1),
(32, 'title32', 19, 'url32', 1),
(33, 'title33', 11, 'url33', 1),
(34, 'title34', 36, 'url34', 0),
(35, 'title35', 61, 'url35', 1),
(36, 'title36', 41, 'url36', 1),
(37, 'title37', 40, 'url37', 1),
(38, 'title38', 13, 'url38', 1),
(39, 'title39', 9, 'url39', 1),
(40, 'title40', 44, 'url40', 1),
(41, 'title41', 67, 'url41', 1),
(42, 'title42', 25, 'url42', 1),
(43, 'title43', 35, 'url43', 1),
(44, 'title44', 62, 'url44', 1),
(45, 'title45', 29, 'url45', 1),
(46, 'title46', 12, 'url46', 1),
(47, 'title47', 96, 'url47', 1),
(48, 'title48', 74, 'url48', 1),
(49, 'title49', 27, 'url49', 0),
(50, 'title50', 45, 'url50', 1),
(51, 'title51', 7, 'url51', 1),
(52, 'title52', 83, 'url52', 1),
(53, 'title53', 37, 'url53', 0),
(54, 'title54', 4, 'url54', 0),
(55, 'title55', 44, 'url55', 1),
(56, 'title56', 72, 'url56', 1),
(57, 'title57', 42, 'url57', 0),
(58, 'title58', 87, 'url58', 1),
(59, 'title59', 66, 'url59', 1),
(60, 'title60', 59, 'url60', 0),
(61, 'title61', 82, 'url61', 1),
(62, 'title62', 92, 'url62', 1),
(63, 'title63', 55, 'url63', 0),
(64, 'title64', 87, 'url64', 1),
(65, 'title65', 8, 'url65', 1),
(66, 'title66', 50, 'url66', 1),
(67, 'title67', 8, 'url67', 1),
(68, 'title68', 53, 'url68', 1),
(69, 'title69', 36, 'url69', 1),
(70, 'title70', 99, 'url70', 1),
(71, 'title71', 89, 'url71', 1),
(72, 'title72', 88, 'url72', 1),
(73, 'title73', 7, 'url73', 1),
(74, 'title74', 33, 'url74', 1),
(75, 'title75', 92, 'url75', 1),
(76, 'title76', 54, 'url76', 1),
(77, 'title77', 100, 'url77', 1),
(78, 'title78', 86, 'url78', 1),
(79, 'title79', 84, 'url79', 0),
(80, 'title80', 79, 'url80', 1),
(81, 'title81', 61, 'url81', 1),
(82, 'title82', 3, 'url82', 1),
(83, 'title83', 10, 'url83', 1),
(84, 'title84', 34, 'url84', 1),
(85, 'title85', 51, 'url85', 0),
(86, 'title86', 44, 'url86', 1),
(87, 'title87', 16, 'url87', 0),
(88, 'title88', 82, 'url88', 1),
(89, 'title89', 21, 'url89', 1),
(90, 'title90', 21, 'url90', 0),
(91, 'title91', 21, 'url91', 1),
(92, 'title92', 33, 'url92', 1),
(93, 'title93', 36, 'url93', 0),
(94, 'title94', 77, 'url94', 1),
(95, 'title95', 61, 'url95', 1),
(96, 'title96', 27, 'url96', 1),
(97, 'title97', 87, 'url97', 1),
(98, 'title98', 87, 'url98', 1),
(99, 'title99', 54, 'url99', 0),
(100, 'title100', 48, 'url100', 1);

--
-- 转储表的索引
--

--
-- 表的索引 `articles`
--
ALTER TABLE `articles`
  ADD PRIMARY KEY (`id`),
  ADD KEY `user_id` (`user_id`);

--
-- 表的索引 `comments`
--
ALTER TABLE `comments`
  ADD PRIMARY KEY (`id`),
  ADD KEY `user_id` (`user_id`);

--
-- 表的索引 `tags`
--
ALTER TABLE `tags`
  ADD PRIMARY KEY (`id`),
  ADD UNIQUE KEY `name` (`name`);

--
-- 表的索引 `target_tag`
--
ALTER TABLE `target_tag`
  ADD PRIMARY KEY (`id`),
  ADD KEY `tag_id` (`tag_id`);

--
-- 表的索引 `users`
--
ALTER TABLE `users`
  ADD PRIMARY KEY (`id`);

--
-- 表的索引 `video`
--
ALTER TABLE `video`
  ADD PRIMARY KEY (`vid`);

--
-- 在导出的表使用AUTO_INCREMENT
--

--
-- 使用表AUTO_INCREMENT `articles`
--
ALTER TABLE `articles`
  MODIFY `id` int(10) UNSIGNED NOT NULL AUTO_INCREMENT, AUTO_INCREMENT=101;

--
-- 使用表AUTO_INCREMENT `comments`
--
ALTER TABLE `comments`
  MODIFY `id` int(10) UNSIGNED NOT NULL AUTO_INCREMENT, AUTO_INCREMENT=501;

--
-- 使用表AUTO_INCREMENT `tags`
--
ALTER TABLE `tags`
  MODIFY `id` int(10) UNSIGNED NOT NULL AUTO_INCREMENT, AUTO_INCREMENT=21;

--
-- 使用表AUTO_INCREMENT `target_tag`
--
ALTER TABLE `target_tag`
  MODIFY `id` int(10) UNSIGNED NOT NULL AUTO_INCREMENT, AUTO_INCREMENT=501;

--
-- 使用表AUTO_INCREMENT `users`
--
ALTER TABLE `users`
  MODIFY `id` int(10) UNSIGNED NOT NULL AUTO_INCREMENT, AUTO_INCREMENT=101;

--
-- 使用表AUTO_INCREMENT `video`
--
ALTER TABLE `video`
  MODIFY `vid` int(11) NOT NULL AUTO_INCREMENT, AUTO_INCREMENT=101;
COMMIT;

/*!40101 SET CHARACTER_SET_CLIENT=@OLD_CHARACTER_SET_CLIENT */;
/*!40101 SET CHARACTER_SET_RESULTS=@OLD_CHARACTER_SET_RESULTS */;
/*!40101 SET COLLATION_CONNECTION=@OLD_COLLATION_CONNECTION */;
